Model,Accuracy,F1-Score,ROC-AUC,CV ROC-AUC Mean
Logistic Regression,0.7385494003426614,0.8489607390300231,0.6386191024165708,0.5492746130117541
Random Forest,0.9782981153626499,0.9890236857307915,0.49375497919801714,0.4940605402173005
Gradient Boosting,0.9923472301541976,0.9961589176173823,0.5340948924493228,0.5160810282461684
